term,estimate
intercept,-2.4750034585794483
brw,-0.03939079977081964
female,-0.020277345909173065
femaleXbrw,3.7604746399987073e-11
