term,estimate
intercept,-2.5494183370152546
brw,0.2909387811457215
female,-0.05913327796287145
femaleXbrw,-0.039169211919365135
